Group 1,Group 2,H,p-value,q-value
fmt-material (n=3),stool (n=18),3.6464646464646506,0.056188362588138745,0.08428254388220813
fmt-material (n=3),swab (n=81),0.05243282498187796,0.8188827898703641,0.8188827898703641
stool (n=18),swab (n=81),16.225185185185182,5.624143257735852e-05,0.00016872429773207557
