Group 1,Group 2,H,p-value,q-value
f (n=22),m (n=77),0.6528453364816755,0.4190972307349643,0.4190972307349643
