Group 1,Group 2,H,p-value,q-value
control (n=33),donor (n=3),0.5970515970516033,0.43970519171605427,0.6589470283452243
control (n=33),treatment (n=66),1.190578512396712,0.27521289454497,0.6589470283452243
donor (n=3),treatment (n=66),0.1948051948051841,0.6589470283452243,0.6589470283452243
