Group 1,Group 2,H,p-value,q-value
Oral (n=39),Rectal (n=27),1.5839180167538132,0.20819723627530562,0.20819723627530562
