Group 1,Group 2,H,p-value,q-value
run-1 (n=65),run-2 (n=37),2.376711139817928,0.12315658515118456,0.12315658515118456
